iter	Accuracy	Logloss
0	0.9246753247	0.2941002046
1	0.9292929293	0.2240200044
2	0.9327561328	0.2014831624
3	0.9359307359	0.1833793229
4	0.9372294372	0.1770073848
5	0.9391053391	0.1680216585
6	0.9396825397	0.1647431307
7	0.9412698413	0.16049081
8	0.9418470418	0.1599500181
9	0.9415584416	0.1578305088
